PhoneNumber,Name,LastName,PassportId,Birthday,Bonus
521.803.0348,Dianne,Beier,21376372,10/20/1992 08:25:32,0
496.253.8550,Rita,Wisoky,21376372,12/22/1954 15:56:09,0
(459) 823-4560,Catherine,Armstrong,21376372,07/31/1956 15:04:24,0
1-304-655-9861,Jorge,Schultz,21376372,11/14/1956 06:10:34,0
1-233-689-9648,Joyce,Metz,21376372,04/10/1989 16:18:35,0
659-234-2704,Rodney,Flatley,21376372,11/11/1974 02:14:53,0
(244) 608-3845 x1405,Randal,Hintz,21376372,05/08/1953 15:05:24,0
1-751-279-7318,Laurence,Volkman,21376372,01/20/2002 01:29:56,0
721.229.5375 x449,Herman,Ondricka,21376372,03/08/1986 10:49:58,0
(738) 568-8249,Andrew,Wolf,21376372,11/14/1996 07:20:50,0
642.620.0359 x833,Camille,Turcotte,21376372,07/31/1988 02:21:15,0
341-488-0742,Judy,Parker,21376372,11/20/1992 01:23:57,0
1-918-320-8615,Phyllis,Shanahan,21376372,03/01/1997 00:13:13,0
256-334-8105,Willie,Schinner,21376372,05/12/1978 06:47:17,0
221-449-7299 x45205,Lila,Dibbert,21376372,09/19/1982 18:33:24,0
(519) 537-6710 x2693,Johanna,Ferry,21376372,04/11/1968 11:53:41,0
(726) 222-1204 x9895,Jerald,Nitzsche,21376372,11/29/1957 23:36:38,0
1-356-718-3363 x0093,Dominic,Hartmann,21376372,05/16/1970 15:18:09,0
925.529.5479 x27327,Ryan,Brown,21376372,07/19/1979 12:31:56,0
(335) 507-4535 x5025,Jessica,Kub,21376372,12/06/1980 18:48:35,0
